{
  "NoisyBT": {
    "0.0": [
      0.0,
      0.0,
      0.0
    ],
    "0.1": [
      0.7916253209114075,
      0.8729909658432007,
      0.5784817097414805
    ],
    "0.2": [
      0.7916101813316345,
      0.8729838728904724,
      0.578451854434718
    ],
    "0.3": [
      0.7916164398193359,
      0.8729932308197021,
      0.5784642838457557
    ],
    "0.4": [
      0.791615903377533,
      0.8729941248893738,
      0.5784632549715509
    ],
    "0.5": [
      0.791616678237915,
      0.8729944825172424,
      0.5784646072577093
    ],
    "0.6": [
      0.7916193604469299,
      0.8729960918426514,
      0.578469937617011
    ],
    "0.7": [
      0.7916303873062134,
      0.8729999661445618,
      0.578491747529307
    ],
    "0.8": [
      0.7916263937950134,
      0.8730055689811707,
      0.5784839258379691
    ],
    "0.9": [
      0.791625440120697,
      0.8730053305625916,
      0.5784820159752775
    ],
    "1.0": [
      0.7900635600090027,
      0.8719547390937805,
      0.5753838959064004
    ]
  },
  "timing": {
    "noisybt_time": [
      17.406938552856445,
      132.39637327194214,
      123.86240315437317,
      135.4544916152954,
      132.91263937950134,
      129.25271940231323,
      143.1132411956787,
      139.34723210334778,
      143.21143984794617,
      140.90218710899353,
      66.94969201087952
    ]
  }
}