{
  "CrowdBT": {
    "0.0": [
      0.7917302250862122,
      0.8730529546737671,
      0.5786898611081321
    ],
    "0.1": [
      0.7917322516441345,
      0.8730546236038208,
      0.5786938768922641
    ],
    "0.2": [
      0.7917292714118958,
      0.8730524778366089,
      0.5786878720662104
    ],
    "0.3": [
      0.7917284965515137,
      0.8730515837669373,
      0.5786863924353258
    ],
    "0.4": [
      0.791730523109436,
      0.8730535507202148,
      0.578690377218733
    ],
    "0.5": [
      0.0,
      0.0,
      0.0
    ],
    "0.6": [
      0.7917308807373047,
      0.8730533719062805,
      0.5786911618604345
    ],
    "0.7": [
      0.7917298078536987,
      0.8730530738830566,
      0.5786890421159417
    ],
    "0.8": [
      0.7917321920394897,
      0.8730541467666626,
      0.5786937977154463
    ],
    "0.9": [
      0.7917319536209106,
      0.8730539679527283,
      0.5786933951321579
    ],
    "1.0": [
      0.7917308211326599,
      0.8730534911155701,
      0.5786909553308535
    ]
  },
  "NoisyBT": {},
  "timing": {
    "crowdbt_time": [
      86.15831685066223,
      73.26166152954102,
      77.60044813156128,
      81.32251453399658,
      79.15341472625732,
      1.172851800918579,
      79.19242191314697,
      82.4794089794159,
      78.32002663612366,
      80.94630932807922,
      83.2211799621582
    ],
    "noisybt_time": []
  }
}