{
  "HTCV": {
    "0.01": [
      0.7816365957260132,
      0.8652763962745667,
      0.5588571190148404
    ],
    "0.001": [
      0.7816365957260132,
      0.8652763962745667,
      0.5588571190148404
    ],
    "0.0001": [
      0.7898184657096863,
      0.8719571828842163,
      0.5748976554311824
    ],
    "1e-05": [
      0.7914351224899292,
      0.8730915784835815,
      0.5781043952262811
    ],
    "1e-06": [
      0.791709840297699,
      0.8732934594154358,
      0.5786494276101926
    ],
    "1e-07": [
      0.790399432182312,
      0.8722349405288696,
      0.5760500256052845
    ]
  },
  "timing": {
    "htcv_time": [
      2.2257492542266846,
      0.6126153469085693,
      7.866669416427612,
      17.027987718582153,
      41.933292627334595,
      164.56770586967468
    ]
  }
}