{
  "HBTL": {
    "0.01": [
      0.7813870310783386,
      0.8650926947593689,
      0.5583372069870095
    ],
    "0.001": [
      0.7813870310783386,
      0.8650926947593689,
      0.5583372069870095
    ],
    "0.0001": [
      0.7879102230072021,
      0.8705220222473145,
      0.5711123699245122
    ],
    "1e-05": [
      0.7911027669906616,
      0.8727802038192749,
      0.577445220063045
    ],
    "1e-06": [
      0.7920328378677368,
      0.8734515309333801,
      0.5792902305596876
    ],
    "1e-07": [
      0.7916017770767212,
      0.8731189966201782,
      0.5784351407175012
    ]
  },
  "PGEM": {
    "0.01": [
      0.7914977669715881,
      0.8730908036231995,
      0.5782287754121986
    ],
    "0.001": [
      0.7919328808784485,
      0.8734297752380371,
      0.5790917797344488
    ],
    "0.0001": [
      0.7920705080032349,
      0.8735548853874207,
      0.579364793183388
    ],
    "1e-05": [
      0.7921112179756165,
      0.8735947608947754,
      0.5794456807042577
    ],
    "1e-06": [
      0.7921259999275208,
      0.8736113905906677,
      0.5794750027285054
    ],
    "1e-07": [
      0.79212886095047,
      0.8736149072647095,
      0.5794806393217483
    ]
  },
  "CrowdBT": {
    "0.01": [
      0.7917383909225464,
      0.8730458617210388,
      0.5787060482478948
    ],
    "0.001": [
      0.7917298078536987,
      0.8730530738830566,
      0.5786890421159417
    ],
    "0.0001": [
      0.7917298078536987,
      0.8730530738830566,
      0.5786890421159417
    ],
    "1e-05": [
      0.7917298078536987,
      0.8730530738830566,
      0.5786890421159417
    ],
    "1e-06": [
      0.7917298078536987,
      0.8730530738830566,
      0.5786890421159417
    ],
    "1e-07": [
      0.7917298078536987,
      0.8730530738830566,
      0.5786890421159417
    ]
  },
  "NoisyBT": {
    "0.01": [
      0.7916468977928162,
      0.8730126023292542,
      0.5785245553921493
    ],
    "0.001": [
      0.7916303873062134,
      0.8729999661445618,
      0.578491747529307
    ],
    "0.0001": [
      0.7916303873062134,
      0.8729999661445618,
      0.578491747529307
    ],
    "1e-05": [
      0.7916303873062134,
      0.8729999661445618,
      0.578491747529307
    ],
    "1e-06": [
      0.7916303873062134,
      0.8729999661445618,
      0.578491747529307
    ],
    "1e-07": [
      0.7916303873062134,
      0.8729999661445618,
      0.578491747529307
    ]
  },
  "timing": {
    "gradem_time": [
      2.109278440475464,
      0.9555084705352783,
      6.052091836929321,
      23.290897607803345,
      65.71735978126526,
      139.1372435092926
    ],
    "pgem_time": [
      1.4370741844177246,
      1.6047172546386719,
      2.181304693222046,
      3.541175127029419,
      5.759879112243652,
      8.119531393051147
    ],
    "crowdbt_time": [
      79.14902830123901,
      94.5200788974762,
      102.80686569213867,
      90.18308115005493,
      101.20408272743225,
      80.60874223709106
    ],
    "noisybt_time": [
      105.59596085548401,
      110.28147339820862,
      124.4492871761322,
      102.29627752304077,
      114.03925585746765,
      130.11735367774963
    ]
  }
}